10884,GDS-1443
11272,GDS-940
14769pr1003,GDS-611
15279,GDS-1448
18976,GDS-1490
19119,GDS-1442
22667,GDS-1450
2417,GDS-1437
2423,GDS-1439
2437,GDS-1487
24593,GDS-1127
24866,GDS-1436
2854,GDS-1225
30093,GDS-1438
30176,GDS-1322
30387,GDS-1120
30388,GDS-1083
30562,GDS-774
3065,GDS-1545
32534,GDS-1348
32535,GDS-1349
32607,GDS-1576
33051,GDS-1447
33172,GDS-1444
33183,GDS-1445
33303,GDS-1177
35185,GDS-1497
35186,GDS-1496
35188,GDS-1494
35189,GDS-1495
3650a,GDS-1378
3650b,GDS-1378
3650c,GDS-1378
3741,GDS-1323
3742,GDS-1441
3823,GDS-1309
3939,GDS-1176
39790,GDS-1566
4176,GDS-1489
42531,GDS-1518
4345a,GDS-1502
4345b,GDS-1502
44570,GDS-1132
44822,GDS-1131
4536,GDS-1301
46372,GDS-1564
4727,GDS-943
4728,GDS-1435
4856b,GDS-1125
48933,GDS-1584
57783,GDS-1513
57895,GDS-877
58181,GDS-1176
60599,GDS-1096
60601,GDS-791
60603,GDS-878
60607,GDS-790
60614,GDS-793
60616,GDS-763
60616a,GDS-763
60616b,GDS-763
6063,GDS-1186
6069,GDS-1584
6148,GDS-1440
6155,GDS-1401
6238,GDS-1488
6255,GDS-1449
64727,GDS-1582
6542a,GDS-1402
6542b,GDS-1402
6573,GDS-1334
71075,GDS-1574
71076,GDS-1574
76537,GDS-F0013
85941,GDS-1164
87747,GDS-1583
87926,GDS-1137
89523,GDS-840
92092,GDS-1306
92589,GDS-875
92910,GDS-1539
92911,GDS-1540
93140,GDS-1294
95120,GDS-1131
98263,GDS-1121
98577,GDS-997
15413,GDS-1232
2420,GDS-585
3176,GDS-846
32524,GDS-665
3460,GDS-506
3958,GDS-523
4445,GDS-736
4733,GDS-650
60596,GDS-874
63864,GDS-562
6636,GDS-564
91405,GDS-530
98560,GDS-1404
99780,GDS-643
10197,GDS-924
10201,GDS-638
10202,GDS-1116
10247,GDS-848
10288,GDS-922
10314,GDS-863
10928,GDS-1100
11090,GDS-1058
11153,GDS-658
11203,GDS-855
11211,GDS-634
11212,GDS-518
11213,GDS-843
11214,GDS-929
11215,GDS-713
11291,GDS-1265
11399,GDS-758
11455,GDS-1003
11458,GDS-811
11476,GDS-815
11477,GDS-656
11478,GDS-691
11610,GDS-1138
11833,GDS-842
11946,GDS-1183
11947,GDS-1184
11950,GDS-1464
11954,GDS-1012
11955,GDS-1512
11957,GDS-1506
12939,GDS-678
13349,GDS-1124
13547,GDS-731
13548,GDS-802
13731,GDS-950
13965,GDS-717
13971,GDS-1160
14181,GDS-897
14395,GDS-715
14413,GDS-711
14417,GDS-849
14418,GDS-851
14419,GDS-904
14704,GDS-850
14707,GDS-676
14716,GDS-865
14718,GDS-787
14719,GDS-567
14720,GDS-1002
14769,GDS-611
15038,GDS-1227
15068,GDS-659
15070,GDS-869
15071,GDS-1337
15092,GDS-1191
15100,GDS-925
15207,GDS-861
15208,GDS-871
15209,GDS-1271
15254,GDS-678
15332,GDS-789
15395,GDS-1224
15397,GDS-710
15406,GDS-1182
15456,GDS-1052
15458,GDS-1163
15459,GDS-1128
15461,GDS-1035
15462,GDS-908
15533,GDS-632
15535,GDS-965
15571,GDS-834
15573,GDS-803
15672,GDS-832
15706,GDS-727
15712,GDS-818
16577,GDS-677
17485,GDS-1054
18575,GDS-1103
18646,GDS-705
18649,GDS-734
18651,GDS-930
18653,GDS-857
18654,GDS-604
18671,GDS-714
18674,GDS-1041
18677,GDS-854
18759,GDS-984
18838,GDS-676
18892,GDS-1081
18944,GDS-1024
18945,GDS-1009
18946,GDS-1106
18947,GDS-1144
18948,GDS-1036
18975,GDS-1174
18977,GDS-1491
18980,GDS-899
20309,GDS-873
20482,GDS-1291
21229,GDS-1166
21445,GDS-1065
22385,GDS-1580
22388,GDS-837
22391,GDS-1076
22885,GDS-1117
22886,GDS-1405
22888,GDS-706
22889,GDS-687
22890,GDS-852
22961,GDS-934
2339,GDS-715
2341,GDS-984
23443,GDS-1298
2357,GDS-572
2362,GDS-781
2362a,GDS-781
2362b,GDS-781
2376,GDS-1152
23799,GDS-1474
23800,GDS-1473
23801,GDS-1466
23948,GDS-964
23969,GDS-1272
24116,GDS-1111
24118,GDS-1025
24119,GDS-1011
2412a,GDS-602
2412b,GDS-602
2413,GDS-897
2419,GDS-703
24201,GDS-795
24246,GDS-1292
2429,GDS-807
24299,GDS-559
2430,GDS-808
24307,GDS-560
24309,GDS-1123
2431,GDS-563
24316,GDS-1279
2432,GDS-796
2436,GDS-638
2444,GDS-848
2445,GDS-515
2449,GDS-864
2450,GDS-556
24505,GDS-1098
2453a,GDS-866
2453b,GDS-866
2456,GDS-543
2458,GDS-956
24599,GDS-1275
2460,GDS-932
2462,GDS-862
2465,GDS-539
2476a,GDS-902
2476b,GDS-902
24947,GDS-1194
2508,GDS-1162
25214,GDS-1114
25269,GDS-1307
2540,GDS-644
2555,GDS-818
2566,GDS-1217
2569,GDS-1328
2577,GDS-1014
26047,GDS-1290
26287,GDS-1145
2639,GDS-696
2653,GDS-1193
2654,GDS-608
26601,GDS-1503
26603,GDS-1039
26604,GDS-1046
27263,GDS-1044
2730,GDS-628
2736,GDS-890
2741,GDS-1463
2743,GDS-1330
2744,GDS-1331
27507,GDS-1276
2780,GDS-889
27925,GDS-1277
27938,GDS-1376
27940,GDS-1051
2815,GDS-1280
2817,GDS-847
2819,GDS-1283
28192,GDS-1484
2825,GDS-967
28327,GDS-1273
2850a,GDS-1148
2850b,GDS-1148
2851,GDS-1149
2852,GDS-1150
2853,GDS-1034
2877,GDS-797
2905,GDS-969
29119,GDS-1492
29120,GDS-1493
2921,GDS-653
2926,GDS-1067
30000,GDS-954
3001,GDS-542
3002,GDS-541
3003,GDS-540
30033,GDS-1075
3004,GDS-532
30043,GDS-735
30044,GDS-872
30046,GDS-989
3005,GDS-531
30056,GDS-880
3006,GDS-545
3007,GDS-544
3008,GDS-536
3009,GDS-535
30094,GDS-1133
30095,GDS-987
30099,GDS-718
3010,GDS-534
30119,GDS-1360
30136,GDS-749
30137,GDS-1079
30145,GDS-867
30150,GDS-1305
30151,GDS-1049
30151b,GDS-1049
30157,GDS-958
30162,GDS-1048
30165,GDS-741
30179,GDS-874
3020,GDS-511
3021,GDS-510
3022,GDS-509
3023,GDS-502
30236,GDS-652
30237a,GDS-651
30237b,GDS-651
3024,GDS-501
3027,GDS-558
3028,GDS-526
3029,GDS-557
3030,GDS-522
3031,GDS-519
3032,GDS-520
3033,GDS-525
3034,GDS-513
3035,GDS-521
30350a,GDS-896
30350b,GDS-896
30350c,GDS-896
30357,GDS-570
3036,GDS-524
30361a,GDS-772
30363,GDS-775
30364,GDS-826
30365,GDS-827
30367,GDS-742
30367a,GDS-742
30367b,GDS-742
30367c,GDS-742
3037,GDS-591
30374,GDS-883
3038,GDS-590
30382,GDS-752
30383,GDS-824
30386,GDS-1119
30389,GDS-1082
30389a,GDS-1082
30389b,GDS-1082
3039,GDS-589
30390a,GDS-1192
30390b,GDS-1192
3040a,GDS-588
3040b,GDS-588
3041,GDS-901
30414,GDS-637
3043,GDS-836
3044a,GDS-835
3044b,GDS-835
3044c,GDS-835
3045,GDS-621
3046a,GDS-721
3046b,GDS-721
3048a,GDS-834
3048b,GDS-834
3049a,GDS-1063
3049c,GDS-1063
3049d,GDS-1063
30503,GDS-554
30504,GDS-700
30505,GDS-600
30526,GDS-957
30540,GDS-1094
30541,GDS-1093
30552,GDS-1218
30553,GDS-1219
30554,GDS-1142
30554a,GDS-1142
30554b,GDS-1142
30565,GDS-569
30586,GDS-747
30592,GDS-1190
30602,GDS-1015
3062a,GDS-605
3062b,GDS-605
3063a,GDS-799
3063b,GDS-799
3066,GDS-534
3068a,GDS-561
3068b,GDS-561
3069a,GDS-566
3069b,GDS-566
3070a,GDS-613
3070b,GDS-613
3185,GDS-882
32000,GDS-624
32001,GDS-698
32002,GDS-986
32009,GDS-968
32013,GDS-916
32014,GDS-921
32015,GDS-920
32016,GDS-918
32017,GDS-693
32018,GDS-629
32028,GDS-806
32034,GDS-917
32039,GDS-931
32054,GDS-923
32056,GDS-692
32059,GDS-704
32062,GDS-580
32063,GDS-694
32064a,GDS-633
32064b,GDS-633
32065,GDS-695
32068,GDS-1172
32069,GDS-1173
32072,GDS-1179
32073,GDS-577
32123a,GDS-616
32123b,GDS-616
32126,GDS-1004
32138,GDS-868
32140,GDS-671
32184,GDS-935
32187,GDS-1263
32192,GDS-919
32198,GDS-1104
32199,GDS-1471
32200,GDS-1467
32201,GDS-1468
32202,GDS-1469
32209,GDS-886
32235,GDS-1470
32249,GDS-990
32250,GDS-970
32251,GDS-1181
32269,GDS-1103
32270,GDS-1102
32271,GDS-674
32278,GDS-668
32291,GDS-927
32293,GDS-1212
32294,GDS-1213
32316,GDS-664
32324,GDS-971
32333,GDS-1031
32348,GDS-673
32449,GDS-690
3245,GDS-804
3245a,GDS-804
3245b,GDS-804
3245c,GDS-804
32494,GDS-1147
32498,GDS-1110
32523,GDS-663
32525,GDS-583
32526,GDS-675
32527,GDS-1346
32528,GDS-1347
32529,GDS-938
32530,GDS-937
32531,GDS-973
32532,GDS-974
32555,GDS-991
32556,GDS-891
32557,GDS-996
32580,GDS-1472
32803,GDS-1270
32828,GDS-1570
32905,GDS-1199
32952,GDS-1485
3297,GDS-732
3298,GDS-584
3299,GDS-979
3300,GDS-1269
3308,GDS-677
33085,GDS-1446
33243,GDS-1118
33291,GDS-839
33299a,GDS-966
33299b,GDS-966
33909,GDS-1483
34103,GDS-1504
3456,GDS-527
35446,GDS-805
35480,GDS-1403
3614,GDS-1500
3614a,GDS-1500
3622,GDS-533
3623,GDS-503
3633,GDS-881
3639,GDS-1135
3640,GDS-1136
3641,GDS-1071
3647,GDS-1325
3648a,GDS-1098
3648b,GDS-1098
3649,GDS-1099
3659,GDS-681
3660,GDS-599
3665,GDS-597
3665a,GDS-597
3666,GDS-505
3673,GDS-892
3675,GDS-1077
3676,GDS-1040
3678a,GDS-620
3678b,GDS-620
3679,GDS-948
3680,GDS-949
3684,GDS-1404
36840,GDS-1567
36841,GDS-1377
3685,GDS-733
3688,GDS-982
3700,GDS-623
3701,GDS-625
3702,GDS-627
3703,GDS-630
3705,GDS-578
3706,GDS-576
3707,GDS-575
3708,GDS-573
3709,GDS-697
3709a,GDS-697
3709c,GDS-697
3710,GDS-504
3713,GDS-617
3737,GDS-574
3738,GDS-699
37383,GDS-1498
3743,GDS-1171
3747a,GDS-598
3747b,GDS-598
3749,GDS-914
3794a,GDS-803
3794b,GDS-803
3795,GDS-512
3821,GDS-1295
3822,GDS-1296
3830,GDS-810
3831,GDS-809
3832,GDS-514
3839a,GDS-737
3839b,GDS-737
3894,GDS-626
3895,GDS-582
3937,GDS-829
3938,GDS-828
3941,GDS-607
3942,GDS-746
3942a,GDS-746
3942b,GDS-746
3942c,GDS-746
3943a,GDS-1086
3943b,GDS-1086
3956,GDS-1057
3957a,GDS-907
3957b,GDS-907
3960,GDS-945
3961,GDS-1189
39611,GDS-805
39793,GDS-1537
39794,GDS-1538
4019,GDS-1198
4032a,GDS-609
4032b,GDS-609
40490,GDS-666
4070,GDS-636
4081a,GDS-812
4081b,GDS-812
4083,GDS-728
4085a,GDS-814
4085b,GDS-814
4085c,GDS-814
40902,GDS-1085
41239,GDS-667
4150,GDS-611
4151,GDS-1122
4151a,GDS-1122
4151b,GDS-1122
41532,GDS-1143
41539,GDS-528
4161,GDS-776
4162,GDS-565
41677,GDS-688
41678,GDS-992
41747,GDS-745
41748,GDS-744
4175,GDS-750
41764,GDS-767
41765,GDS-766
41767,GDS-593
41768,GDS-592
41769,GDS-549
41770,GDS-548
4185,GDS-1264
41897,GDS-1230
42003,GDS-936
42021,GDS-1354
42022,GDS-655
42023,GDS-739
42060,GDS-760
42061,GDS-761
4216,GDS-798
42445,GDS-1327
42446,GDS-1165
42610,GDS-1267
4265a,GDS-616
4265b,GDS-616
4274,GDS-912
4282,GDS-517
4285a,GDS-1289
4285b,GDS-1289
4286,GDS-586
4287a,GDS-596
4287b,GDS-596
4287c,GDS-596
43093,GDS-913
43337,GDS-861
4346,GDS-1501
43710,GDS-755
43711,GDS-754
43712,GDS-898
43713,GDS-1126
43719,GDS-726
43720,GDS-1167
43721,GDS-1168
43722,GDS-547
43723,GDS-546
43857,GDS-662
43898,GDS-978
44126,GDS-753
44224,GDS-994
44225,GDS-995
44294,GDS-777
44301a,GDS-820
44301b,GDS-820
44302a,GDS-821
44302b,GDS-821
44309,GDS-1234
44352,GDS-1341
44353,GDS-1342
44374,GDS-1045
44375a,GDS-1188
44375b,GDS-1188
44567a,GDS-822
44567b,GDS-822
44568,GDS-894
4460a,GDS-619
4460b,GDS-619
44728,GDS-641
4477,GDS-507
44771,GDS-1228
44809,GDS-993
4488,GDS-1061
4490,GDS-682
4510,GDS-1235
4519,GDS-579
4528,GDS-1278
45301,GDS-768
4532,GDS-1299
4533,GDS-1300
45677,GDS-1266
4588,GDS-1153
4589,GDS-606
4590,GDS-1080
4592,GDS-1316
4593,GDS-1317
4594,GDS-1156
4595,GDS-769
4596,GDS-1180
4599a,GDS-944
4599b,GDS-944
4600,GDS-1060
46212,GDS-740
4623,GDS-709
4624,GDS-1070
4697a,GDS-1053
4697b,GDS-1053
4716,GDS-1199
4735,GDS-1297
47397,GDS-708
47398,GDS-707
4740,GDS-601
47407,GDS-759
47455,GDS-1091
47457,GDS-800
47458,GDS-1507
47753,GDS-730
47759,GDS-756
47905,GDS-649
47994,GDS-1032
47998,GDS-758
48092,GDS-743
48165,GDS-1168
48183,GDS-725
48336,GDS-645
48496,GDS-1006
4855,GDS-1124
4861,GDS-981
4864a,GDS-785
4864b,GDS-785
4865,GDS-568
4865a,GDS-568
4865b,GDS-568
4871,GDS-683
48729a,GDS-1000
48729b,GDS-1000
48989,GDS-960
49668,GDS-870
50303,GDS-770
50304,GDS-553
50305,GDS-552
50373,GDS-947
50450,GDS-1313
50451,GDS-779
50923,GDS-1155
50950,GDS-657
50951,GDS-1482
51011,GDS-1481
51739,GDS-555
52031,GDS-1302
52107,GDS-648
52501,GDS-686
53451,GDS-1462
54120,GDS-1511
54200,GDS-833
54383,GDS-550
54384,GDS-551
55013,GDS-885
55615,GDS-1005
55976,GDS-1282
55978,GDS-1233
55981,GDS-1157
55982,GDS-1158
56145,GDS-1231
56908,GDS-1229
57515,GDS-1033
57519,GDS-1226
57520,GDS-1092
57585,GDS-933
57894,GDS-764
58176,GDS-942
58846,GDS-1223
59349,GDS-773
59426,GDS-886
59443,GDS-915
59900,GDS-606
6003,GDS-701
60032,GDS-784
6005,GDS-719
6014,GDS-1068
6014b,GDS-1068
6019,GDS-813
6020,GDS-988
60219,GDS-684
60470a,GDS-816
60470b,GDS-816
60471,GDS-823
60474,GDS-841
60475a,GDS-647
60475b,GDS-647
60476,GDS-724
60477,GDS-587
60478,GDS-646
60479,GDS-508
60481,GDS-618
60483,GDS-669
60484,GDS-670
60485,GDS-778
60581,GDS-751
60583b,GDS-738
60592,GDS-783
60593,GDS-782
60594,GDS-780
60598,GDS-1095
6060,GDS-720
60602,GDS-879
60608,GDS-792
60623,GDS-876
60657,GDS-1221
60658,GDS-1222
6081,GDS-712
60897,GDS-814
6091,GDS-654
6106,GDS-702
61070,GDS-1113
61071,GDS-1112
61072,GDS-1197
6108,GDS-676
6111,GDS-537
6112,GDS-538
61184,GDS-906
61252,GDS-813
61254,GDS-1161
6134,GDS-830
6140,GDS-729
61409,GDS-838
6141,GDS-615
61480,GDS-1573
61481,GDS-1281
61485,GDS-893
6153a,GDS-1066
6153b,GDS-1066
6154,GDS-765
6157,GDS-1062
61678,GDS-658
6179,GDS-794
6180,GDS-757
6182,GDS-680
6183,GDS-856
6190,GDS-1534
61903,GDS-F0027
6191,GDS-863
6192,GDS-1115
6215,GDS-722
6222,GDS-951
6223,GDS-540
6231,GDS-1043
6232,GDS-953
6233,GDS-1047
62462,GDS-887
6249,GDS-955
62531,GDS-1010
6259,GDS-1134
62821,GDS-1151
63082,GDS-1072
63868,GDS-817
63869,GDS-939
63965,GDS-905
64178,GDS-1001
64179,GDS-972
64225,GDS-762
64276,GDS-1154
64391,GDS-1016
64392,GDS-1022
64393,GDS-1333
64394,GDS-1021
64567,GDS-962
64644,GDS-911
64680,GDS-1020
64681,GDS-1332
64682,GDS-1023
64683,GDS-1017
64781,GDS-1169
64782,GDS-1008
64799,GDS-571
6536,GDS-926
6538a,GDS-1287
6538b,GDS-1287
6539,GDS-1343
6541,GDS-622
6553,GDS-928
6558,GDS-888
6564,GDS-595
6565,GDS-594
6572,GDS-1028
6587,GDS-909
6589,GDS-1101
6628,GDS-903
6629,GDS-672
6630,GDS-1170
6632,GDS-689
72454,GDS-685
73983,GDS-807
73983,GDS-808
75937,GDS-1075
76766,GDS-1129
76768,GDS-715
85080,GDS-799
85861,GDS-603
85970,GDS-950
85984,GDS-661
86208,GDS-1220
87079,GDS-614
87080,GDS-1019
87081,GDS-952
87082,GDS-959
87083,GDS-581
87086,GDS-1018
87087,GDS-635
87407,GDS-1105
87408,GDS-1030
87414,GDS-1071
87544,GDS-781
87552,GDS-785
87580,GDS-805
87609,GDS-1175
87618,GDS-963
87620,GDS-610
87697,GDS-1069
87761,GDS-1007
87994,GDS-884
88072,GDS-709
88289,GDS-1329
88292,GDS-858
88293,GDS-1078
88516,GDS-1505
88517,GDS-1340
88646,GDS-980
88930,GDS-859
90194,GDS-725
90195,GDS-786
90202,GDS-1178
91501,GDS-1042
91988,GDS-516
92099,GDS-844
92107,GDS-845
92262,GDS-1140
92263,GDS-1141
92280,GDS-819
92402,GDS-1159
92409,GDS-1481
92410,GDS-1299
92438,GDS-529
92582,GDS-825
92593,GDS-723
92690,GDS-961
92692,GDS-771
92906,GDS-1146
92907,GDS-1029
92908,GDS-1486
92909,GDS-1465
92946,GDS-832
92947,GDS-748
92950,GDS-679
93273,GDS-831
93274,GDS-639
93571,GDS-1205
93606,GDS-660
94925,GDS-1097
98100,GDS-946
98138,GDS-612
98138pr0008,GDS-612
98283,GDS-631
98284,GDS-1050
98285,GDS-975
98286,GDS-853
98989,GDS-941
99008,GDS-910
99021,GDS-985
99206,GDS-801
99207,GDS-642
99301,GDS-860
99563,GDS-1499
99773,GDS-969
99781,GDS-640
99784,GDS-1327
